"DATASET: Gross domestic product (GDP) at current market prices by metropolitan regions [met_10r_3gdp]"

"LAST UPDATE: 23.07.20 18:30:39"

"EXTRACTION DATE: 29.12.20 19:51:26"

"SOURCE OF DATA: Eurostat"

"TIME"
"2000"
"2001"
"2002"
"2003"
"2004"
"2005"
"2006"
"2007"
"2008"
"2009"
"2010"
"2011"
"2012"
"2013"
"2014"
"2015"
"2016"
"2017"
"2018"

"METROREG"
"Belgium"
"Bruxelles / Brussel"
"Antwerpen"
"Gent"
"Charleroi"
"Liège"
"Non-metropolitan regions in Belgium"
"Bulgaria"
"Sofia"
"Plovdiv"
"Varna"
"Burgas"
"Non-metropolitan regions in Bulgaria"
"Czechia"
"Praha"
"Brno"
"Ostrava"
"Plzen"
"Non-metropolitan regions in Czech Republic"
"Denmark"
"København"
"Århus"
"Odense"
"Aalborg"
"Non-metropolitan regions in Denmark"
"Germany (until 1990 former territory of the FRG)"
"Berlin"
"Hamburg"
"München"
"Köln"
"Frankfurt am Main"
"Stuttgart"
"Leipzig"
"Dresden"
"Düsseldorf"
"Bremen"
"Hannover"
"Nürnberg"
"Bielefeld"
"Halle an der Saale"
"Magdeburg"
"Wiesbaden"
"Göttingen"
"Darmstadt"
"Freiburg im Breisgau"
"Regensburg"
"Schwerin"
"Erfurt"
"Augsburg"
"Bonn"
"Karlsruhe"
"Mönchengladbach"
"Mainz"
"Ruhrgebiet"
"Kiel"
"Saarbrücken"
"Koblenz"
"Rostock"
"Kaiserslautern"
"Iserlohn"
"Flensburg"
"Konstanz"
"Gießen"
"Bayreuth"
"Aschaffenburg"
"Neubrandenburg"
"Rosenheim"
"Offenburg"
"Görlitz"
"Schweinfurt"
"Wetzlar"
"Braunschweig-Salzgitter-Wolfsburg"
"Mannheim-Ludwigshafen"
"Münster"
"Aachen"
"Lübeck"
"Kassel"
"Osnabrück"
"Oldenburg (Oldenburg)"
"Heidelberg"
"Paderborn"
"Würzburg"
"Bremerhaven"
"Heilbronn"
"Ulm"
"Pforzheim"
"Ingolstadt"
"Reutlingen"
"Siegen"
"Hildesheim"
"Zwickau"
"Wuppertal"
"Düren"
"Bocholt"
"Non-metropolitan regions in Germany"
"Estonia"
"Tallinn"
"Non-metropolitan regions in Estonia"
"Ireland"
"Dublin"
"Cork"
"Non-metropolitan regions in Ireland"
"Greece"
"Athina"
"Thessaloniki"
"Non-metropolitan regions in Greece"
"Spain"
"Madrid"
"Barcelona"
"Valencia"
"Sevilla"
"Zaragoza"
"Málaga - Marbella"
"Murcia - Cartagena"
"Las Palmas"
"Valladolid"
"Palma de Mallorca"
"Vitoria/Gasteiz"
"Oviedo - Gijón"
"Pamplona/Iruña"
"Santander"
"Bilbao"
"Córdoba"
"Alicante/Alacant - Elche/Elx"
"Vigo"
"Santa Cruz de Tenerife"
"A Coruña"
"Granada"
"Guipúzcoa"
"Cádiz"
"Non-metropolitan regions in Spain"
"France"
"Paris"
"Lyon"
"Toulouse"
"Strasbourg"
"Bordeaux"
"Nantes"
"Lille - Dunkerque - Valenciennes"
"Montpellier"
"Saint-Etienne"
"Rennes"
"Amiens"
"Rouen"
"Nancy"
"Reims"
"Orléans"
"Dijon"
"Poitiers"
"Clermont-Ferrand"
"Caen"
"Limoges"
"Besançon"
"Grenoble"
"Fort-de-France"
"Tours"
"Angers"
"Brest"
"Le Mans"
"Mulhouse"
"Perpignan"
"Nimes"
"Pau"
"Annecy (FR) / Genève (CH)"
"Marseille"
"Nice"
"Non-metropolitan regions in France"
"Croatia"
"Zagreb"
"Split"
"Non-metropolitan regions in Croatia"
"Italy"
"Roma"
"Milano"
"Napoli"
"Torino"
"Palermo"
"Genova"
"Firenze"
"Bari"
"Bologna"
"Catania"
"Venezia"
"Verona"
"Taranto"
"Cagliari"
"Padova"
"Brescia"
"Messina"
"Prato"
"Parma"
"Reggio nell Emilia"
"Bergamo"
"Non-metropolitan regions in Italy"
"Cyprus"
"Lefkosia"
"Latvia"
"Riga"
"Non-metropolitan regions in Latvia"
"Lithuania"
"Vilnius"
"Kaunas"
"Non-metropolitan regions in Lithuania"
"Luxembourg"
"Luxembourg"
"Hungary"
"Budapest"
"Miskolc"
"Pécs"
"Debrecen"
"Székesfehérvár"
"Non-metropolitan regions in Hungary"
"Malta"
"Valletta"
"Non-metropolitan regions in Malta"
"Netherlands"
"s' Gravenhage"
"Amsterdam"
"Rotterdam"
"Utrecht"
"Eindhoven"
"Tilburg"
"Groningen"
"Enschede"
"Arnhem - Nijmegen"
"Breda"
"Leeuwarden"
"Leiden"
"Zwolle"
"Non-metropolitan regions in Netherlands"
"Austria"
"Wien"
"Graz"
"Linz"
"Salzburg"
"Innsbruck"
"Non-metropolitan regions in Austria"
"Poland"
"Warszawa"
"Lódz"
"Kraków"
"Wroclaw"
"Poznan"
"Gdansk"
"Szczecin"
"Bydgoszcz - Torún"
"Lublin"
"Katowice"
"Bialystok"
"Kielce"
"Olsztyn"
"Rzeszów"
"Opole"
"Czestochowa"
"Radom"
"Bielsko-Biala"
"Tarnów"
"Non-metropolitan regions in Poland"
"Portugal"
"Lisboa"
"Porto"
"Coimbra"
"Non-metropolitan regions in Portugal"
"Romania"
"Bucuresti"
"Cluj-Napoca"
"Timisoara"
"Craiova"
"Constanta"
"Iasi"
"Galati"
"Brasov"
"Ploiesti"
"Non-metropolitan regions in Romania"
"Slovenia"
"Ljubljana"
"Maribor"
"Non-metropolitan regions in Slovenia"
"Slovakia"
"Bratislava"
"Kosice"
"Non-metropolitan regions in Slovakia"
"Finland"
"Helsinki"
"Tampere"
"Turku"
"Non-metropolitan regions in Finland"
"Sweden"
"Stockholm"
"Göteborg"
"Malmö"
"Uppsala"
"Non-metropolitan regions in Sweden"
"United Kingdom"
"London"
"West Midlands urban area"
"Leeds"
"Glasgow"
"Bradford"
"Liverpool"
"Edinburgh"
"Manchester"
"Cardiff"
"Sheffield"
"Bristol"
"Belfast"
"Newcastle upon Tyne"
"Leicester"
"Aberdeen"
"Cambridge"
"Exeter"
"Portsmouth"
"Coventry"
"Kingston upon Hull"
"Stoke-on-Trent"
"Nottingham"
"Kirklees"
"Doncaster"
"Sunderland"
"Medway"
"Brighton and Hove"
"Plymouth"
"Swansea"
"Derby"
"Southampton"
"Northampton"
"Bournemouth"
"Colchester"
"Blackburn - Blackpool - Preston"
"Middlesbrough"
"Oxford"
"Norwich"
"Cheshire West and Chester"
"Ipswich"
"Non-metropolitan regions in United Kingdom"
"Norway"
"Oslo"
"Bergen"
"Montenegro"
"Non-metropolitan regions in Montenegro"
"North Macedonia"
"Non-metropolitan regions in North Macedonia"
"Albania"
"Non-metropolitan regions in Albania"
"Serbia"
"Non-metropolitan regions in Serbia"
"Turkey"
"Non-metropolitan regions in Turkey"

"UNIT"
"Million euro"

"No footnotes available"

"Available flags:"
"b","break in time series"
"c","confidential"
"d","definition differs, see metadata"
"e","estimated"
"f","forecast"
"n","not significant"
"p","provisional"
"r","revised"
"s","Eurostat estimate"
"u","low reliability"
"z","not applicable"

"Special value:"
":","not available"

